Category,# Instances
acoustic panel,12
advertisement,1
air conditioner,83
air conditioning,28
air duct,16
air freshener,5
air heater,1
air hockey,1
air purifier,1
air refresher,3
air vent,198
air vent fan,1
air vent installation,4
aisle frame,2
alarm,138
alarm clock,39
alarm control,10
alarm controller,1
album,3
albums,7
alcohol bottles,1
american flag,1
amplifier,41
antique clock,7
antique telephone,2
antlers,1
apple,1
appliance,303
apron,1
aquarium,3
arcade,1
arcade game,8
arch,39
archway,15
armchair,498
art frame,128
art piece,1
art/clutter,5
art/muscle shell,8
art/statue,2
artwork,48
artwork frame,3
ashtray,2
attic door,31
attic entrance,1
attic hatch,8
audio cable,5
audio cables,11
audio player,1
axe,2
baby chair,1
baby changing station,3
baby changing table,2
baby seat,1
backpack,40
backrest,11
backsplash,2
bag,769
bag with sheets,1
bag with something,1
bags,18
balcony,2
balcony railing,8
ball,47
ball chair,1
ball pool,1
ball pouffe,2
balustrade,37
banister,76
banner,2
bar,58
bar cabinet,11
bar chair,72
bar soap,3
barbecue,2
barbell,2
barrel,5
base,1
baseball bat,2
baseball cap,2
baseboard,8
basin,11
basin faucet,1
basket,526
basket of fruits,1
basket of something,257
basket of towels,8
basket with books,1
basket with clothes,3
basketball hoop,1
basketballs,1
baskets,1
bath,30
bath bar,1
bath cabinet,31
bath carpet,1
bath cosmetics,1
bath curtain,2
bath curtain bar,1
bath dial,6
bath door,1
bath door frame,2
bath faucet,34
bath floor,1
bath grab bar,1
bath hanger,1
bath mat,30
bath shelf,4
bath shower,1
bath side table,1
bath sink,37
bath tap,3
bath towel,57
bath towels,4
bath tub,8
bath utensil,22
bath wall,88
bathmat,2
bathrobe,23
bathroom accessory,216
bathroom art,10
bathroom cabinet,238
bathroom cabinet door,2
bathroom cabinet drawer,2
bathroom counter,46
bathroom floor,5
bathroom glass,3
bathroom mat,2
bathroom rug,5
bathroom shelf,73
bathroom stuff,2
bathroom towel,92
bathroom utensil,159
bathroom utensils,4
bathroom wall,12
bathroom window,4
bathtub,190
bathtub knob,1
bathtub platform,15
bathtub tap,1
bathtub utensil,20
beam,529
bean bag chair,4
beanbag,12
beanbag chair,4
bed,715
bed base,1
bed cabinet,4
bed cabinet lamp,1
bed comforter,16
bed curtain,6
bed for pet,1
bed ladder,1
bed light,3
bed sheet,8
bed small,4
bed stand,21
bed table,103
bedding,2
bedframe,15
bedpost,4
bedroom ceiling,8
bedroom table,1
bedside cabinet,38
bedside cabinet door,4
bedside cabinet drawer,3
bedside lamp,143
bedside table,27
beer crate,2
bell,2
belt,2
bench,130
beverage dispenser,2
bicycle,27
bicycle helmet,1
bicycle helmets,1
bidet,22
big bag,1
billiard balls,1
billiard cue,1
billiard cues,2
bin,189
binder,64
binders,8
birdhouse,1
blackboard,4
blanket,336
blanket basket,1
blankets,8
blinds,333
blouse,2
board,206
board game,34
board games,4
board with keys,1
boards,3
boat model,3
boiler,30
bonsai tree,1
book,2434
book cabinet,4
book display,40
book rack,42
bookshelf,109
bookstand,2
boots,4
bottle,407
bottle dispenser,1
bottle of detergent,162
bottle of soap,43
bottle of water,1
bottle of wine,1
bottle opener,1
bottles,46
bottles of water,1
bottles of wine,8
bottom of stairs,2
bouquet,29
bowl,185
bowl of fruit,47
bowl of fruits,1
bowl of sweets,1
bowl with sweets,1
bowls,1
box,2463
box of food,1
box of fruit,1
box of paper,1
box of something,7
box of tissue,15
box of tissues,36
box pen,1
box with books,59
box with jewelry,1
box with photos,1
box with shoes,1
box with tea,1
box with toys,1
boxes,67
boxes with books,12
boxing ring,1
bread,1
bread bin,2
bread box,1
breadbox,1
bricks,2
bridge,1
briefcase,10
brochure,68
brochures,4
broom,71
broomstick,5
brush,43
brushes,1
bucket,153
buckets,1
buffet,1
bulletin board,9
bunk bed,1
bureau,3
bust,2
button,10
cabinet,2529
cabinet /otherroom,61
cabinet /w clutter,3
cabinet /w cluttered art,2
cabinet clutter,9
cabinet counter,1
cabinet door,202
cabinet drawer,36
cabinet kitchen,2
cabinet mirror,2
cabinet parts,1
cabinet table,9
cable,4
cables,11
cage,3
cake,1
calculator,7
calendar,51
camera,33
camping chair,1
can,186
can of paint,40
canal,1
candelabra,2
candle,297
candle holder,54
candle stand,1
candlestick,27
canister,9
canoe,1
canopy,3
cans,1
cans of paint,3
canvas,8
cap,18
car,6
car model,1
card,1
cardboard,15
cardboard box,604
carpet,388
carpet roll,8
cart,17
case,195
cases,1
cash register,3
casket,32
cassette,4
cat,3
cat bed,2
cat food,1
cat food bag,1
cat litter box,1
cat toilet,1
cat tree,1
cd,1
cd player,2
cds,1
ceiling arch,12
ceiling bedroom,1
ceiling boarder,4
ceiling border,7
ceiling chassis,1
ceiling corridor,1
ceiling decorative lamp,1
ceiling dome,17
ceiling door,20
ceiling duct,15
ceiling fan,149
ceiling fan lamp,13
ceiling fan vent,1
ceiling fire detector,1
ceiling fixture,4
ceiling floor,1
ceiling hanger,1
ceiling ladder,1
ceiling lamp,2519
ceiling lamp hanger,6
ceiling lamp rail,1
ceiling light,100
ceiling light fixture connection,63
ceiling lower,64
ceiling molding,45
ceiling panel,1
ceiling pipe,31
ceiling support,6
ceiling under staircase,2
ceiling under stairs,34
ceiling vent,178
ceiling wall,83
ceiling window,17
ceiling/west wall,12
central heating furnace,1
ceramics,4
chain,1
chair,2339
chair /w clutter,1
chair stand,1
chaise,1
chaise longue,2
chamber pot,1
chandelier,103
changing table,1
charger,2
chassis,2
chess,3
chest,87
chest bench,1
chest drawer,11
chest of drawer,1
chest of drawers,167
child car seat,1
chimney,6
christmas tree,3
circular sofa,6
clarinet,5
cleaner,1
cleaner bottle,1
cleaner brush,1
cleaning clutter,5
cleaning fluid,2
cleaning liquid,4
cleaning paper,1
cleaning paste,2
cleaning powders/ liquids,1
cleaning sponge,1
cleaning spray,1
clock,210
closet,60
closet area for hanging clothes,6
closet door,62
closet floor,1
closet mirror wall,14
closet rod,19
closet shelf,17
closet shelving,7
closet storage area,4
cloth,192
cloth dryer,2
cloth hanger,9
cloth hangers,1
cloth holder,1
clothes,748
clothes bag,13
clothes container,11
clothes dryer,31
clothes hamper,14
clothes hanger,83
clothes hanger rod,21
clothes on shelf,1
clothes rack,27
clothing stand,2
clutter,328
coach,4
coaster,2
coat,12
coat hanger,13
coat rack,11
coffee machine,120
coffee maker,24
coffee mug,24
coffee table,162
column,45
compound wall,1
compressor,2
computer,37
computer chair,8
computer desk,24
computer equipment,18
computer mouse,42
computer tower,2
condensation furnace,1
condiment,4
cone,2
conference phone,1
console,2
console pad,2
console pad charger,1
construction stuff,1
container,313
containers,18
control,7
control panel,12
controller,3
cook book,2
cooker,28
cooker hood,1
cookies,1
copier,1
copier machine,3
cork board,1
cornice,3
cosmetic,129
cosmetics,180
couch,331
counter,10
counter desk,1
counter door,6
countertop,118
countertop /otherroom,8
countertop item,14
cover,23
cradle,3
crate,33
crayon,1
crib,15
cross,6
cross-trainer,1
crutches,1
cuddly toy,47
cup,199
cups,6
curb,3
curtain,1206
curtain bar,30
curtain box,1
curtain hanger,2
curtain rail,96
curtain rod,255
curtain rod cover,5
curtain valence,3
cushion,420
cutlery,7
cutting board,51
cyp,1
dartboard,7
deck chair,2
decoder,9
decor,90
decoration,2047
decorative bottle,1
decorative bowl,20
decorative ceramic,1
decorative cloth,1
decorative dinnerware,14
decorative frame,1
decorative lamp,5
decorative lantern,2
decorative mask,1
decorative plant,353
decorative plate,73
decorative quilt,4
decorative tray,1
decorative vase,4
decorative vessel,3
decorative window,1
dehumidifier,5
den,1
desk,353
desk cabinet,1
desk chair,71
desk clutter,19
desk door,1
desk lamp,32
desk organizer,1
detergent,10
detergent bottle,2
device,293
dining chair,277
dining table,63
dinner chair,10
dinner table,8
dinnerware,10
diploma,16
dirt ground,5
dish,18
dish cabinet,1
dish dryer,3
dish rack,1
dishes,8
dishrag,13
dishwasher,138
dispenser,2
display,64
display cabinet,73
display case,3
display of pictures,3
display table,9
document,44
document holder,4
dog bed,15
dog leash,2
dog toy,1
doily,2
doll,20
door /otherroom,1
door cabinet,25
door frame,3477
door handle,12
door hinge,41
door knob,343
door screen,1
door stopper,15
door window,87
door/window,16
door/window frame,13
doorbell,1
doormat,98
doorpost,102
doorstep,22
doorway,14
double armchair,1
drain,1
drainage,1
drainpipe,1
draw,1
drawer,490
drawer cabinet,1
drawer cart,1
drawer desk,1
drawer sink table,1
drawers,7
drawers for clothes,1
drawing,9
dress,2
dresser,198
dressing table,8
dried flowers,8
drill,2
drinking fountain,2
drum,24
drywall board,5
duct,22
dumbbell,33
dustbin,19
dustpan,4
duvet,2
dvd,23
dvd player,3
easel,6
easy chair,5
electric box,78
electric cable,2
electric cord,2
electric device,3
electric drum,1
electric freshener,1
electric guitar,33
electric heater,2
electric hub,2
electric installation,3
electric kettle,3
electric outlet,13
electric percussion,2
electric plug,1
electric toothbrush,3
electric wire,2
electric wire casing,6
electrical box,25
electrical controller,42
electrical device,1
electrical installation,1
electrical switchboard,2
electricity box,3
electronics,4
elephant sculpture,4
elevator,11
elevator door,5
emergency sign,1
end table,16
entertainment set,6
entrance arch,1
entry phone,1
exercise ball,21
exercise bike,10
exercise equipment,33
exercise ladder,1
exercise machine,21
exercise mat,5
exercise mat roll,4
exercising blocks,1
exhaust pipe,3
exhibition panel,6
exhibition picture,2
exhibition table,1
exhibition window,20
exhibition window frame,20
exit sign,19
extension cord,4
extension lead,1
extractor,1
extractor hood,1
eyeglasses,2
fan,157
fan air vent,1
fan coil,17
faucet,213
fence,16
figure,41
figurine,14
file,4
file binder,1
file cabinet,11
fire alarm,157
fire detector,23
fire extinguisher,54
fire pit,2
fire screen,3
fire sprinkler,18
firebox,1
fireplace,130
fireplace brush,1
fireplace floor,4
fireplace mirror,1
fireplace sconce,5
fireplace shelf,3
fireplace tool set,12
fireplace utensil,12
fireplace wall,58
firewood,19
firewood bag,1
firewood chest,1
firewood holder,8
fish tank,2
fishing pole,3
fishing rod,1
fitness ball,1
flag,15
flashlight,1
flatware,20
floor /otherroom,1
floor /outside,7
floor frame,1
floor lamp,99
floor mat,76
floor stand,4
floor vent,15
flower,189
flower stand,21
flower vase,209
flowerbed,2
flowerpot,301
fluorescent light,14
flush,4
flush button,4
flush push,1
foam,1
folded chair,3
folded table,1
folder,71
folding chair,31
folding stand,1
food,43
food processor,1
food stand,1
food tray,4
foosball game table,3
foosball table,1
foot spa,1
foot stand,1
football,3
footrest,22
footstool,8
fork,8
frame,136
framed text,1
freezer,7
fridge,54
fruit,19
fruit bowl,14
frying pan,1
fume cupboard,2
fur,2
fur carpet,1
furnace,27
furniture,26
fuse box,15
fuse panel,1
game,3
game board,1
game console,1
gap,2
garage door,33
garage door frame,12
garage door motor,5
garage door opener,3
garage door opener bar,4
garage door opener motor,9
garage door opener railing,2
garage door railing,30
garage light,9
garden bench,1
garden chair,4
garden deck,1
gas box,1
gas container,1
gas furnace,1
gas meter,1
gate,4
gauge,1
gift,8
glass,175
glass container,1
glass door,2
glass pane,1
glasses,10
globe,27
globe stand,4
gloves,4
glue,1
goalpost,1
golf sticks,1
grab bar,1
gramophone,1
grandfather clock,1
grass,4
grate,3
gravel,1
grill,9
groceries,5
guitar,55
guitar case,2
guitar case cover,2
guitar cases,3
guitar frame,1
guitar pedals,2
guitar stand,3
guitar straps,5
gun,1
gutter,3
gym equipment,50
gym mat,3
gym rope,1
gym stepper,3
hair brush,4
hair dryer,5
hammer,4
hammock,4
hand cloth,2
hand dryer,4
hand soap,14
hand towel,7
handbag,36
handcart,1
handkerchiefs,1
handle,34
handrail,103
hanger,333
hanging clothes,205
hat,107
hatch,3
hats,1
headboard,7
headphones,9
headset,1
hearth,12
heater,227
heater piping,13
hi-hat,1
hi-hat stand,1
high shelf,10
highchair,8
holder,6
hole puncher,1
holy cross,18
hook,17
hose,27
hot water/cold water knob,14
hourglass,1
hoverboard,1
hunting trophy,22
hutch,2
ice maker,2
icebox,2
identifier,13
information,3
installation,2
instrument,1
iron,13
iron board,10
ironing board,34
island,7
jacket,41
jacuzzi,2
jar,176
jars,2
jewelry,48
jewelry box,17
jug,19
junk,2
keg,3
kettle,66
keyboard,103
keyboard box,1
keyboard cover,1
keyboard piano,7
keyboard stand,2
keys,19
kitchen appliance,219
kitchen cabinet,1185
kitchen cabinet door,21
kitchen cabinet drawer,14
kitchen cabinet lower,27
kitchen ceiling,1
kitchen chair,8
kitchen counter,151
kitchen counter item,4
kitchen counter support,1
kitchen countertop item,123
kitchen countertop items,28
kitchen decoration,48
kitchen extractor,22
kitchen gloves,1
kitchen handle,4
kitchen island,49
kitchen knife set,1
kitchen lower cabinet,211
kitchen lower shelf,1
kitchen seating,1
kitchen shelf,46
kitchen sink,2
kitchen sink cabinet,1
kitchen table,14
kitchen top,37
kitchen towel,1
kitchen utensil,147
kitchen utensils,2
kitchen wall,27
kitchenware,4
knife,21
knife holder,46
knife set,4
knife stand,1
knob,26
l-shaped sofa,22
lace doily,18
ladder,69
lamp,3571
lamp shade,1
lamp stand,11
lamp table,19
lampshade,25
landing,5
lantern,1
laptop,70
laundry,4
laundry bag,6
laundry basket,73
laundry machine,48
lawn,3
lawn mower,2
leaflets,4
led tv,39
ledge,28
leg rest,2
level,1
lid,8
light,53
light fixture,268
light switch,22
lighter,1
lighting fixture,9
liquid,2
liquid cleaner,2
liquid container,1
liquid soap,114
locker,16
lounge chair,15
lounger,9
lower cabinet,2
luggage,31
machine,52
magazine,112
magazine rack,1
magazines,55
magic marker,4
magic marker box,2
mail,1
mailbox,1
makeup accessories,1
mannequin,3
mantel,3
mantle,7
map,8
mascot,18
mascots,3
massage bed,7
mat,142
material,2
measuring tape,2
medal,2
medal collection,1
media console,13
medical lamp,2
medical object,1
menu,4
menu board,4
meshwork,1
meter,1
microphone,1
microphone accessory,1
microwave,174
mini fridge,16
mirror,1242
mirror /otherroom,1
mirror door,8
mirror frame,79
mixer,10
mobile,1
model,1
modem,1
molding,10
monitor,156
moose head/sculpture/hunting trophy,3
mop,18
mortar,3
motion detector,14
motorcycle,1
mouse,35
mousepad,1
mug,20
music album shelf,1
music equipment,1
music equipment stand,5
music player,11
napkin,7
napkins,3
newspaper,43
newspaper basket,6
niche,9
night lamp,1
nightstand,284
note,28
note board,2
notebook,8
notebooks,1
notes,29
oar,1
object,24
objects,4
office chair,62
office table,5
office wall,1
oil lamp,10
ornament,302
ottoman,33
outlet,13
oven,136
oven and stove,67
oven vent,3
overhang,1
package,1
pad,46
painting,1088
painting /otherroom,1
painting frame,10
painting roll,1
painting rolls,1
painting stuff,1
painting tray,1
pan,8
panel,21
panel screen,4
paneling,40
pantry,1
paper,124
paper holder,2
paper storage,15
paper towel,113
paper towel dispenser,10
paper towel holder,2
paper towels,3
papers,21
parapet,113
partial,1
partition,72
patio,1
patio chair,26
patio floor,6
pavement,4
payment terminal,2
pc tower,11
pedestal,2
pen,22
pen cup,4
pen drive,1
pencil,1
pencil case,1
pencil holder,1
pendant,1
perfume,15
pet bed,6
pet bowl,4
phone,6
photo,331
photo mount,138
photo mounts,1
photo stand,1
photos,2
piano,23
piano bench,5
piano stool,9
picture,4471
picture frame,86
pictures,1
pile of magazines,44
pillar,143
pillow,3841
pillow seat,1
ping pong table,1
pipe,449
pitcher,8
pitchfork,1
place mat,15
plane,2
plank,5
planner,1
plant,750
plant ornament,3
plastic bag,2
plate,235
plate of food,21
plates,11
platform,22
platter,1
playpen,1
plenum box,2
pliers,3
plug,6
plumbing,10
plunger,13
plush toy,132
podium,4
pole,1
poles,1
pool,2
pool stick,9
pool table,8
porcelain,24
portrait,6
post,3
poster,53
pot,177
pot lid,1
potty,1
pouches,1
pouffe,86
powder soap,1
power breaker box,1
power cord,1
power strip,2
press,1
pressure washer,1
price tag,50
printer,102
product,300
product box,18
product boxes,5
products,24
projector,7
projector screen,1
prop,1
pump,2
punchbag,3
puppet,3
purse,6
rack,284
rack of weights,3
rack with shoes,2
radiator,352
radio,45
rafter,37
rag,1
ragdoll,2
ragdoll cat,1
rail,25
railing,87
rake,3
range hood,38
receipt printer,2
receipt spike,1
recessed cubby,11
recessed shelving,2
recessed wall,19
recliner,1
record player,13
records,1
recuperator,2
recycle bin,20
refrigerator,188
refrigerator cabinet,21
relief,4
remote control,74
rice cooker,1
riser,1
robe,16
rock,3
rocking chair,20
rocking horse,3
rod,11
rods,1
roll,3
rolled carpet,2
rolling pin,1
roof,32
roomba,2
rope,14
round chair,2
round cushion,1
router,2
row of theater chairs,1
rug,589
ruler,1
safe,6
salt and pepper,2
salt and pepper grinder,1
salver,1
sandals,3
saturator,2
sauna,1
sauna bowl,5
sauna heat rocks,1
sauna heater,4
sauna oven,1
sauna seat,2
sauna support,4
saw,6
saxophone,3
scale,30
scanner,1
scarf,6
schedule,3
sconce,18
scoop,4
screen,25
screen frame,1
screw box,1
screwdriver,3
sculpture,65
seat,66
secretary,1
security camera,15
security detector,1
self-closing mechanism,1
sensor,138
separator,11
set of armchairs,3
set of boxes,1
set of cosmetics,1
set of hangers,4
set of knives,1
set of pictures,1
set of towels,2
set of valves,1
sewing box,1
sewing machine,8
sewing set,1
sewing tools,1
shade,44
shade rail,4
shades,8
shampoo,85
sheet,22
sheet music,1
sheet music stand,1
sheets,1
sheets / clothes,8
shelf,1408
shelf / cabinet,7
shelf clutter,6
shelf cubby,9
shelf with art,5
shelf with clutter,66
shelf with cosmetics,3
shelf with shoes,1
shelving,149
ship model,1
ship toy,1
shirt,13
shisha,6
shoe,761
shoe cabinet,1
shoe case,21
shoe rack,9
shoe shelf,2
shoehorn,1
shoes,3
shoes on shelf,2
shoes rack,1
shop shelf,6
shoulder bag,1
shovel,19
shower,38
shower bar,35
shower base,4
shower battery,8
shower bench,21
shower cabin,106
shower cabinet,2
shower caddy,16
shower case,1
shower ceiling,32
shower ceiling lamp,1
shower cockpit,7
shower cosmetics,1
shower curtain,106
shower curtain bar,8
shower curtain rod,19
shower dial,75
shower door,15
shower door frame,39
shower door knob,1
shower floor,143
shower frame,4
shower glass,7
shower grab bar,1
shower handle,25
shower handrail,1
shower hanger,1
shower hose,36
shower hose/head,42
shower knob,49
shower mat,6
shower mirror,1
shower pipe,9
shower rail,27
shower rod,14
shower seat,10
shower shelf,22
shower soap shelf,33
shower stall,7
shower step,4
shower tap,43
shower tray,7
shower tub,19
shower utensil,2
shower valve,10
shower wall,461
shower wall cubby,13
shower window frame,1
shower-bath cabinet,14
showerhead,83
shredder,1
shutter,29
shutters,13
side table,126
sideboard,12
sign,115
silicone gun,1
silicone tube,6
sink,739
sink cabinet,119
sink pipe,7
sink table,1
sink tap,1
sink/basin,1
sitting bench,7
skateboard,2
skates,1
ski,2
skirting board,1
sky,2
skylight,3
slab,2
sled,1
sledge,1
sleeping bag,2
sliding door,37
sliding glass door,26
slippers,7
small table/stand,14
smoke alarm,23
smoke detector,132
snack,28
soap,65
soap bottle,51
soap dish,23
soap dish cubby,3
soap dispenser,113
soap dispenser shelf in shower,1
soap tray,1
soapbox,3
socket,19
socks,3
sofa,159
sofa chair,73
sofa seat,26
sofa set,5
soft chair,1
solarium,3
solarium door,1
sombrero,1
soundbar,2
spa armchair,1
spa bathtub,1
spa bench,7
spatula,1
speaker,233
speaker stand,3
spice boxes,1
spice rack,18
spices,2
spirit level,1
sponge,3
spoon,5
spray,1
spray can,1
sprinkler,12
square,1
stack,2
stack of albums,1
stack of bags,1
stack of binders,1
stack of blankets,2
stack of books,51
stack of books / papers,1
stack of boxes,2
stack of cds,7
stack of chairs,5
stack of clothes,28
stack of files,2
stack of jackets,1
stack of magazines,5
stack of music stands,1
stack of papers,159
stack of pillows,1
stack of plates,7
stack of pots,1
stack of product boxes,3
stack of shoes,3
stack of stuff,2
stack of t-shirts,1
stack of towels,22
stack of trays,1
stack of yarns,1
stacked chair,4
stage,3
stained glass,4
stair,20
stair frame,1
stair handle,5
stair step,100
stair wall,15
staircase,4
staircase handrail,61
staircase trim,19
staircase wall,1
stairs,731
stairs railing,106
stairs skirt,1
stairs trim,3
stairs wall,2
stairwell,1
stand,99
stand/small table,4
stapler,3
star,6
stationery,23
statue,62
statue/art,8
steel plate,1
step,77
step stool,7
stereo,2
stereo set,2
stick,15
sticker book,2
sticky notes,1
stole,1
stone,5
stone bench,1
stone support structure,17
stones,1
stonework,4
stool,320
stools,1
storage,10
storage bin,68
storage box,293
storage cabinet,33
storage shelving,17
storage space,3
storage unit,2
stove,88
stovetop,24
strings,65
stroke,1
strongbox,1
stuffed animal,81
subwoofer,1
sunbed,37
support,4
support beam,265
surface,19
surfboard,4
swing,3
switch,34
swivel chair,1
t-shirt,1
table,1304
table cloth,33
table lamp,199
table pad,8
table stand,6
table tennis table,1
tablet,9
tambourine,1
tank,18
tap,627
tapestry,1
tea set,1
teapot,33
telephone,148
telescope,3
tennis racket,1
tent,1
terrace,1
thermometer,2
thermostat,24
three,1
throw blanket,46
tile,8
tiles,16
tire,9
tissue,10
tissue box,106
title,1
toaster,54
toaster oven,1
toilet,561
toilet brush,148
toilet brush holder,27
toilet cleaner,10
toilet paper,425
toilet paper dispenser,114
toilet seat,2
toiletry,9
toiletry bag,2
tool,100
tool box,67
tool rack,3
toothbrush,15
toothpaste,2
torch,1
towel,1089
towel bar,255
towel ring,18
toy,665
traffic cone,1
training mat,1
trampoline,1
trash bag,11
trash can,70
trashcan,315
tray,151
treadmill,10
tree,5
tree branch,5
trimmer,1
trinket,5
tripod,1
trolley,4
trombone,2
trophy,26
trough,1
trumpet,2
tv,394
tv remote,17
tv stand,60
typewriter,4
ukulele,7
umbrella,38
umbrella stand,1
unknown/remove,4
urinal,7
utensil,21
vacuum cleaner,71
vanity,2
vase,430
vegetables,1
vent,251
ventilation,338
ventilation hood,96
vessel,33
vessel sink,3
vinyl records,1
violin,9
violin case,1
waffle iron,1
wall /outside,14
wall beam,4
wall board,75
wall cabinet,60
wall clock,86
wall control,14
wall cubby,4
wall detail,5
wall electronics,128
wall hanger,19
wall hanging decoration,442
wall indent,6
wall lamp,491
wall outside,1
wall panel,116
wall panel frame,1
wall post,3
wall shelf,7
wall sign,35
wall soap shelf,10
wall statue,4
wall toilet paper,24
wall top,10
wall tv,28
wardrobe,447
wash cabinet,73
washbasin,146
washbasin counter,15
washcloth,7
washer-dryer,25
washing machine,140
washing machine and dryer,10
washing powder,17
washing stuff,56
watch,10
water basin,2
water dispenser,7
water fountain,1
water heater,4
water meter,1
water outlet,1
water pump,2
water tank,4
watering can,6
weight,13
weight bench,4
weights,2
wheel,10
wheelbarrow,2
whine shelf,1
whiteboard,12
wifi router,3
window /otherroom,3
window /outside,11
window curtain,308
window frame /otherroom,1
window glass,223
window seat,1
window shade,98
window shutter,99
window shutters,21
window valence,1
window/door,4
wine,3
wine bottle,18
wine cabinet,4
wine rack,14
wine storage,1
wire,3
wood,36
workout bike,4
workstation,1
worktop,25
wreath,10
wrench,1
yoga mat,7
